catalog_name,schema_name,table_name,full_name,position,column_name,type_name,type_text,nullable,semantic_role
dev_iqvia_catalog,trusted_starschema_01,d_atcs,dev_iqvia_catalog.trusted_starschema_01.d_atcs,0,ATC1_CODE,STRING,string,False,attribute
dev_iqvia_catalog,trusted_starschema_01,d_atcs,dev_iqvia_catalog.trusted_starschema_01.d_atcs,1,ATC1,STRING,string,False,attribute
dev_iqvia_catalog,trusted_starschema_01,d_atcs,dev_iqvia_catalog.trusted_starschema_01.d_atcs,2,ATC2_CODE,STRING,string,False,attribute
dev_iqvia_catalog,trusted_starschema_01,d_atcs,dev_iqvia_catalog.trusted_starschema_01.d_atcs,3,ATC2,STRING,string,False,attribute
dev_iqvia_catalog,trusted_starschema_01,d_atcs,dev_iqvia_catalog.trusted_starschema_01.d_atcs,4,ATC3_CODE,STRING,string,False,attribute
dev_iqvia_catalog,trusted_starschema_01,d_atcs,dev_iqvia_catalog.trusted_starschema_01.d_atcs,5,ATC3,STRING,string,False,attribute
dev_iqvia_catalog,trusted_starschema_01,d_atcs,dev_iqvia_catalog.trusted_starschema_01.d_atcs,6,ATC3_PIE_GROUP,STRING,string,True,attribute
dev_iqvia_catalog,trusted_starschema_01,d_atcs,dev_iqvia_catalog.trusted_starschema_01.d_atcs,7,ATC4_ID,LONG,bigint,False,business_key
dev_iqvia_catalog,trusted_starschema_01,d_atcs,dev_iqvia_catalog.trusted_starschema_01.d_atcs,8,ATC4_CODE,STRING,string,False,attribute
dev_iqvia_catalog,trusted_starschema_01,d_atcs,dev_iqvia_catalog.trusted_starschema_01.d_atcs,9,ATC4,STRING,string,False,attribute
dev_iqvia_catalog,trusted_starschema_01,d_atcs,dev_iqvia_catalog.trusted_starschema_01.d_atcs,10,_trusted_ts,TIMESTAMP,timestamp,True,technical_timestamp
dev_iqvia_catalog,trusted_starschema_01,d_clinical_trial_types,dev_iqvia_catalog.trusted_starschema_01.d_clinical_trial_types,0,CLINICAL_TRIAL_TYPE_ID,LONG,bigint,False,business_key
dev_iqvia_catalog,trusted_starschema_01,d_clinical_trial_types,dev_iqvia_catalog.trusted_starschema_01.d_clinical_trial_types,1,CLINICAL_TRIAL_TYPE,STRING,string,False,attribute
dev_iqvia_catalog,trusted_starschema_01,d_clinical_trial_types,dev_iqvia_catalog.trusted_starschema_01.d_clinical_trial_types,2,_trusted_ts,TIMESTAMP,timestamp,True,technical_timestamp
dev_iqvia_catalog,trusted_starschema_01,d_comunication_channels,dev_iqvia_catalog.trusted_starschema_01.d_comunication_channels,0,COMUNICATION_CHANNEL_ID,LONG,bigint,False,business_key
dev_iqvia_catalog,trusted_starschema_01,d_comunication_channels,dev_iqvia_catalog.trusted_starschema_01.d_comunication_channels,1,COMUNICATION_CHANNEL,STRING,string,False,attribute
dev_iqvia_catalog,trusted_starschema_01,d_comunication_channels,dev_iqvia_catalog.trusted_starschema_01.d_comunication_channels,2,_trusted_ts,TIMESTAMP,timestamp,True,technical_timestamp
dev_iqvia_catalog,trusted_starschema_01,d_contact_quality,dev_iqvia_catalog.trusted_starschema_01.d_contact_quality,0,CONTACT_QUALITY_ID,LONG,bigint,False,business_key
dev_iqvia_catalog,trusted_starschema_01,d_contact_quality,dev_iqvia_catalog.trusted_starschema_01.d_contact_quality,1,CONTACT_QUALITY,STRING,string,False,attribute
dev_iqvia_catalog,trusted_starschema_01,d_contact_quality,dev_iqvia_catalog.trusted_starschema_01.d_contact_quality,2,_trusted_ts,TIMESTAMP,timestamp,True,technical_timestamp
dev_iqvia_catalog,trusted_starschema_01,d_contact_types,dev_iqvia_catalog.trusted_starschema_01.d_contact_types,0,CONTACT_TYPE_ID,LONG,bigint,False,business_key
dev_iqvia_catalog,trusted_starschema_01,d_contact_types,dev_iqvia_catalog.trusted_starschema_01.d_contact_types,1,CONTACT_TYPE,STRING,string,False,attribute
dev_iqvia_catalog,trusted_starschema_01,d_contact_types,dev_iqvia_catalog.trusted_starschema_01.d_contact_types,2,OUR_CONTACT_TYPE,STRING,string,True,attribute
dev_iqvia_catalog,trusted_starschema_01,d_contact_types,dev_iqvia_catalog.trusted_starschema_01.d_contact_types,3,_trusted_ts,TIMESTAMP,timestamp,True,technical_timestamp
dev_iqvia_catalog,trusted_starschema_01,d_corporations,dev_iqvia_catalog.trusted_starschema_01.d_corporations,0,CORPORATION_ID,LONG,bigint,False,business_key
dev_iqvia_catalog,trusted_starschema_01,d_corporations,dev_iqvia_catalog.trusted_starschema_01.d_corporations,1,CORPORATION,STRING,string,False,attribute
dev_iqvia_catalog,trusted_starschema_01,d_corporations,dev_iqvia_catalog.trusted_starschema_01.d_corporations,2,_trusted_ts,TIMESTAMP,timestamp,True,technical_timestamp
dev_iqvia_catalog,trusted_starschema_01,d_countries,dev_iqvia_catalog.trusted_starschema_01.d_countries,0,COUNTRY_ID,LONG,bigint,False,business_key
dev_iqvia_catalog,trusted_starschema_01,d_countries,dev_iqvia_catalog.trusted_starschema_01.d_countries,1,COUNTRY,STRING,string,True,attribute
dev_iqvia_catalog,trusted_starschema_01,d_countries,dev_iqvia_catalog.trusted_starschema_01.d_countries,2,ISO_COUNTRY_CODE,STRING,string,True,attribute
dev_iqvia_catalog,trusted_starschema_01,d_countries,dev_iqvia_catalog.trusted_starschema_01.d_countries,3,REGION,STRING,string,True,attribute
dev_iqvia_catalog,trusted_starschema_01,d_countries,dev_iqvia_catalog.trusted_starschema_01.d_countries,4,_trusted_ts,TIMESTAMP,timestamp,True,technical_timestamp
dev_iqvia_catalog,trusted_starschema_01,d_details_duration,dev_iqvia_catalog.trusted_starschema_01.d_details_duration,0,DETAILS_DURATION_ID,LONG,bigint,False,business_key
dev_iqvia_catalog,trusted_starschema_01,d_details_duration,dev_iqvia_catalog.trusted_starschema_01.d_details_duration,1,DETAILS_DURATION,STRING,string,False,attribute
dev_iqvia_catalog,trusted_starschema_01,d_details_duration,dev_iqvia_catalog.trusted_starschema_01.d_details_duration,2,DETAILS_DURATION_MIN,INT,int,False,attribute
dev_iqvia_catalog,trusted_starschema_01,d_details_duration,dev_iqvia_catalog.trusted_starschema_01.d_details_duration,3,_trusted_ts,TIMESTAMP,timestamp,True,technical_timestamp
dev_iqvia_catalog,trusted_starschema_01,d_international_brands,dev_iqvia_catalog.trusted_starschema_01.d_international_brands,0,INTERNATIONAL_BRAND_ID,LONG,bigint,False,business_key
dev_iqvia_catalog,trusted_starschema_01,d_international_brands,dev_iqvia_catalog.trusted_starschema_01.d_international_brands,1,INTERNATIONAL_BRAND,STRING,string,False,attribute
dev_iqvia_catalog,trusted_starschema_01,d_international_brands,dev_iqvia_catalog.trusted_starschema_01.d_international_brands,2,_trusted_ts,TIMESTAMP,timestamp,True,technical_timestamp
dev_iqvia_catalog,trusted_starschema_01,d_local_brands,dev_iqvia_catalog.trusted_starschema_01.d_local_brands,0,LOCAL_BRAND_ID,LONG,bigint,False,business_key
dev_iqvia_catalog,trusted_starschema_01,d_local_brands,dev_iqvia_catalog.trusted_starschema_01.d_local_brands,1,LOCAL_BRAND,STRING,string,False,attribute
dev_iqvia_catalog,trusted_starschema_01,d_local_brands,dev_iqvia_catalog.trusted_starschema_01.d_local_brands,2,_trusted_ts,TIMESTAMP,timestamp,True,technical_timestamp
dev_iqvia_catalog,trusted_starschema_01,d_manufacturers,dev_iqvia_catalog.trusted_starschema_01.d_manufacturers,0,MANUFACTURER_ID,LONG,bigint,False,business_key
dev_iqvia_catalog,trusted_starschema_01,d_manufacturers,dev_iqvia_catalog.trusted_starschema_01.d_manufacturers,1,MANUFACTURER,STRING,string,False,attribute
dev_iqvia_catalog,trusted_starschema_01,d_manufacturers,dev_iqvia_catalog.trusted_starschema_01.d_manufacturers,2,OUR_MANUFACTURER,STRING,string,True,attribute
dev_iqvia_catalog,trusted_starschema_01,d_manufacturers,dev_iqvia_catalog.trusted_starschema_01.d_manufacturers,3,MENARINI_FLAG,STRING,string,True,attribute
dev_iqvia_catalog,trusted_starschema_01,d_manufacturers,dev_iqvia_catalog.trusted_starschema_01.d_manufacturers,4,_trusted_ts,TIMESTAMP,timestamp,True,technical_timestamp
dev_iqvia_catalog,trusted_starschema_01,d_material_left_abstr_clinical_lit_data,dev_iqvia_catalog.trusted_starschema_01.d_material_left_abstr_clinical_lit_data,0,MATERIAL_LEFT_ABSTR_CLINICAL_LIT_DATA_ID,LONG,bigint,False,business_key
dev_iqvia_catalog,trusted_starschema_01,d_material_left_abstr_clinical_lit_data,dev_iqvia_catalog.trusted_starschema_01.d_material_left_abstr_clinical_lit_data,1,MATERIAL_LEFT_ABSTR_CLINICAL_LIT_DATA,STRING,string,False,attribute
dev_iqvia_catalog,trusted_starschema_01,d_material_left_abstr_clinical_lit_data,dev_iqvia_catalog.trusted_starschema_01.d_material_left_abstr_clinical_lit_data,2,_trusted_ts,TIMESTAMP,timestamp,True,technical_timestamp
dev_iqvia_catalog,trusted_starschema_01,d_material_left_other,dev_iqvia_catalog.trusted_starschema_01.d_material_left_other,0,MATERIAL_LEFT_OTHER_ID,LONG,bigint,False,business_key
dev_iqvia_catalog,trusted_starschema_01,d_material_left_other,dev_iqvia_catalog.trusted_starschema_01.d_material_left_other,1,MATERIAL_LEFT_OTHER,STRING,string,False,attribute
dev_iqvia_catalog,trusted_starschema_01,d_material_left_other,dev_iqvia_catalog.trusted_starschema_01.d_material_left_other,2,_trusted_ts,TIMESTAMP,timestamp,True,technical_timestamp
dev_iqvia_catalog,trusted_starschema_01,d_material_left_patient_educational_lit,dev_iqvia_catalog.trusted_starschema_01.d_material_left_patient_educational_lit,0,MATERIAL_LEFT_PATIENT_EDUCATIONAL_LIT_ID,LONG,bigint,False,business_key
dev_iqvia_catalog,trusted_starschema_01,d_material_left_patient_educational_lit,dev_iqvia_catalog.trusted_starschema_01.d_material_left_patient_educational_lit,1,MATERIAL_LEFT_PATIENT_EDUCATIONAL_LIT,STRING,string,False,attribute
dev_iqvia_catalog,trusted_starschema_01,d_material_left_patient_educational_lit,dev_iqvia_catalog.trusted_starschema_01.d_material_left_patient_educational_lit,2,_trusted_ts,TIMESTAMP,timestamp,True,technical_timestamp
dev_iqvia_catalog,trusted_starschema_01,d_material_left_promotional_product_lit,dev_iqvia_catalog.trusted_starschema_01.d_material_left_promotional_product_lit,0,MATERIAL_LEFT_PROMOTIONAL_PRODUCT_LIT_ID,LONG,bigint,False,business_key
dev_iqvia_catalog,trusted_starschema_01,d_material_left_promotional_product_lit,dev_iqvia_catalog.trusted_starschema_01.d_material_left_promotional_product_lit,1,MATERIAL_LEFT_PROMOTIONAL_PRODUCT_LIT,STRING,string,False,attribute
dev_iqvia_catalog,trusted_starschema_01,d_material_left_promotional_product_lit,dev_iqvia_catalog.trusted_starschema_01.d_material_left_promotional_product_lit,2,_trusted_ts,TIMESTAMP,timestamp,True,technical_timestamp
dev_iqvia_catalog,trusted_starschema_01,d_material_left_samples,dev_iqvia_catalog.trusted_starschema_01.d_material_left_samples,0,MATERIAL_LEFT_SAMPLE_ID,LONG,bigint,False,business_key
dev_iqvia_catalog,trusted_starschema_01,d_material_left_samples,dev_iqvia_catalog.trusted_starschema_01.d_material_left_samples,1,MATERIAL_LEFT_SAMPLE,STRING,string,False,attribute
dev_iqvia_catalog,trusted_starschema_01,d_material_left_samples,dev_iqvia_catalog.trusted_starschema_01.d_material_left_samples,2,_trusted_ts,TIMESTAMP,timestamp,True,technical_timestamp
dev_iqvia_catalog,trusted_starschema_01,d_meeting_types,dev_iqvia_catalog.trusted_starschema_01.d_meeting_types,0,MEETING_TYPE_ID,LONG,bigint,False,business_key
dev_iqvia_catalog,trusted_starschema_01,d_meeting_types,dev_iqvia_catalog.trusted_starschema_01.d_meeting_types,1,MEETING_TYPE,STRING,string,False,attribute
dev_iqvia_catalog,trusted_starschema_01,d_meeting_types,dev_iqvia_catalog.trusted_starschema_01.d_meeting_types,2,_trusted_ts,TIMESTAMP,timestamp,True,technical_timestamp
dev_iqvia_catalog,trusted_starschema_01,d_molecules,dev_iqvia_catalog.trusted_starschema_01.d_molecules,0,MOLECULE_ID,LONG,bigint,False,business_key
dev_iqvia_catalog,trusted_starschema_01,d_molecules,dev_iqvia_catalog.trusted_starschema_01.d_molecules,1,MOLECULE,STRING,string,False,attribute
dev_iqvia_catalog,trusted_starschema_01,d_molecules,dev_iqvia_catalog.trusted_starschema_01.d_molecules,2,CORPORATE_MOLECULE,STRING,string,True,attribute
dev_iqvia_catalog,trusted_starschema_01,d_molecules,dev_iqvia_catalog.trusted_starschema_01.d_molecules,3,_trusted_ts,TIMESTAMP,timestamp,True,technical_timestamp
dev_iqvia_catalog,trusted_starschema_01,d_nps,dev_iqvia_catalog.trusted_starschema_01.d_nps,0,NPS_SCALE_ID,LONG,bigint,False,business_key
dev_iqvia_catalog,trusted_starschema_01,d_nps,dev_iqvia_catalog.trusted_starschema_01.d_nps,1,NPS_SCALE,STRING,string,False,attribute
dev_iqvia_catalog,trusted_starschema_01,d_nps,dev_iqvia_catalog.trusted_starschema_01.d_nps,2,NPS_CATEGORY,STRING,string,False,attribute
dev_iqvia_catalog,trusted_starschema_01,d_nps,dev_iqvia_catalog.trusted_starschema_01.d_nps,3,_trusted_ts,TIMESTAMP,timestamp,True,technical_timestamp
dev_iqvia_catalog,trusted_starschema_01,d_prescription_current,dev_iqvia_catalog.trusted_starschema_01.d_prescription_current,0,PRESCRIPTION_CURRENT_ID,LONG,bigint,False,business_key
dev_iqvia_catalog,trusted_starschema_01,d_prescription_current,dev_iqvia_catalog.trusted_starschema_01.d_prescription_current,1,PRESCRIPTION_CURRENT,STRING,string,False,attribute
dev_iqvia_catalog,trusted_starschema_01,d_prescription_current,dev_iqvia_catalog.trusted_starschema_01.d_prescription_current,2,_trusted_ts,TIMESTAMP,timestamp,True,technical_timestamp
dev_iqvia_catalog,trusted_starschema_01,d_prescription_future,dev_iqvia_catalog.trusted_starschema_01.d_prescription_future,0,PRESCRIPTION_FUTURE_ID,LONG,bigint,False,business_key
dev_iqvia_catalog,trusted_starschema_01,d_prescription_future,dev_iqvia_catalog.trusted_starschema_01.d_prescription_future,1,PRESCRIPTION_FUTURE,STRING,string,False,attribute
dev_iqvia_catalog,trusted_starschema_01,d_prescription_future,dev_iqvia_catalog.trusted_starschema_01.d_prescription_future,2,_trusted_ts,TIMESTAMP,timestamp,True,technical_timestamp
dev_iqvia_catalog,trusted_starschema_01,d_presentation_position,dev_iqvia_catalog.trusted_starschema_01.d_presentation_position,0,PRESENTATION_POSITION_ID,LONG,bigint,False,business_key
dev_iqvia_catalog,trusted_starschema_01,d_presentation_position,dev_iqvia_catalog.trusted_starschema_01.d_presentation_position,1,PRESENTATION_POSITION,STRING,string,False,attribute
dev_iqvia_catalog,trusted_starschema_01,d_presentation_position,dev_iqvia_catalog.trusted_starschema_01.d_presentation_position,2,ORDER_BY,INT,int,True,attribute
dev_iqvia_catalog,trusted_starschema_01,d_presentation_position,dev_iqvia_catalog.trusted_starschema_01.d_presentation_position,3,_trusted_ts,TIMESTAMP,timestamp,True,technical_timestamp
dev_iqvia_catalog,trusted_starschema_01,d_products_presented,dev_iqvia_catalog.trusted_starschema_01.d_products_presented,0,PRODUCT_PRESENTED_ID,LONG,bigint,False,business_key
dev_iqvia_catalog,trusted_starschema_01,d_products_presented,dev_iqvia_catalog.trusted_starschema_01.d_products_presented,1,PRODUCT_PRESENTED,STRING,string,False,attribute
dev_iqvia_catalog,trusted_starschema_01,d_products_presented,dev_iqvia_catalog.trusted_starschema_01.d_products_presented,2,ORDER_BY,INT,int,True,attribute
dev_iqvia_catalog,trusted_starschema_01,d_products_presented,dev_iqvia_catalog.trusted_starschema_01.d_products_presented,3,_trusted_ts,TIMESTAMP,timestamp,True,technical_timestamp
dev_iqvia_catalog,trusted_starschema_01,d_reconstructed_markets,dev_iqvia_catalog.trusted_starschema_01.d_reconstructed_markets,0,MARKET_ID,LONG,bigint,False,business_key
dev_iqvia_catalog,trusted_starschema_01,d_reconstructed_markets,dev_iqvia_catalog.trusted_starschema_01.d_reconstructed_markets,1,MARKET,STRING,string,True,attribute
dev_iqvia_catalog,trusted_starschema_01,d_reconstructed_markets,dev_iqvia_catalog.trusted_starschema_01.d_reconstructed_markets,2,MARKET_CODE,STRING,string,True,attribute
dev_iqvia_catalog,trusted_starschema_01,d_reconstructed_markets,dev_iqvia_catalog.trusted_starschema_01.d_reconstructed_markets,3,MARKET_DEFINITION,STRING,string,True,attribute
dev_iqvia_catalog,trusted_starschema_01,d_reconstructed_markets,dev_iqvia_catalog.trusted_starschema_01.d_reconstructed_markets,4,_trusted_ts,TIMESTAMP,timestamp,True,technical_timestamp
dev_iqvia_catalog,trusted_starschema_01,d_representing_company,dev_iqvia_catalog.trusted_starschema_01.d_representing_company,0,REPRESENTING_COMPANY_ID,LONG,bigint,False,business_key
dev_iqvia_catalog,trusted_starschema_01,d_representing_company,dev_iqvia_catalog.trusted_starschema_01.d_representing_company,1,REPRESENTING_COMPANY,STRING,string,False,attribute
dev_iqvia_catalog,trusted_starschema_01,d_representing_company,dev_iqvia_catalog.trusted_starschema_01.d_representing_company,2,OUR_REPRESENTING_COMPANY,STRING,string,True,attribute
dev_iqvia_catalog,trusted_starschema_01,d_representing_company,dev_iqvia_catalog.trusted_starschema_01.d_representing_company,3,MENARINI_FLAG,STRING,string,True,attribute
dev_iqvia_catalog,trusted_starschema_01,d_representing_company,dev_iqvia_catalog.trusted_starschema_01.d_representing_company,4,_trusted_ts,TIMESTAMP,timestamp,True,technical_timestamp
dev_iqvia_catalog,trusted_starschema_01,d_specialty,dev_iqvia_catalog.trusted_starschema_01.d_specialty,0,SPECIALTY_ID,LONG,bigint,False,business_key
dev_iqvia_catalog,trusted_starschema_01,d_specialty,dev_iqvia_catalog.trusted_starschema_01.d_specialty,1,SPECIALTY,STRING,string,False,attribute
dev_iqvia_catalog,trusted_starschema_01,d_specialty,dev_iqvia_catalog.trusted_starschema_01.d_specialty,2,GP_SPECIALTY,STRING,string,True,attribute
dev_iqvia_catalog,trusted_starschema_01,d_specialty,dev_iqvia_catalog.trusted_starschema_01.d_specialty,3,OUR_SPECIALTY,STRING,string,True,attribute
dev_iqvia_catalog,trusted_starschema_01,d_specialty,dev_iqvia_catalog.trusted_starschema_01.d_specialty,4,_trusted_ts,TIMESTAMP,timestamp,True,technical_timestamp
dev_iqvia_catalog,trusted_starschema_01,d_sponsoring_companies,dev_iqvia_catalog.trusted_starschema_01.d_sponsoring_companies,0,SPONSORING_COMPANY_ID,LONG,bigint,False,business_key
dev_iqvia_catalog,trusted_starschema_01,d_sponsoring_companies,dev_iqvia_catalog.trusted_starschema_01.d_sponsoring_companies,1,SPONSORING_COMPANY,STRING,string,False,attribute
dev_iqvia_catalog,trusted_starschema_01,d_sponsoring_companies,dev_iqvia_catalog.trusted_starschema_01.d_sponsoring_companies,2,OUR_REPRESENTING_COMPANY,STRING,string,False,attribute
dev_iqvia_catalog,trusted_starschema_01,d_sponsoring_companies,dev_iqvia_catalog.trusted_starschema_01.d_sponsoring_companies,3,MENARINI_FLAG,BOOLEAN,boolean,True,attribute
dev_iqvia_catalog,trusted_starschema_01,d_sponsoring_companies,dev_iqvia_catalog.trusted_starschema_01.d_sponsoring_companies,4,_trusted_ts,TIMESTAMP,timestamp,True,technical_timestamp
dev_iqvia_catalog,trusted_starschema_01,d_time,dev_iqvia_catalog.trusted_starschema_01.d_time,0,MONTH_ID,DATE,date,False,business_key
dev_iqvia_catalog,trusted_starschema_01,d_time,dev_iqvia_catalog.trusted_starschema_01.d_time,1,MONTH,STRING,string,False,attribute
dev_iqvia_catalog,trusted_starschema_01,d_time,dev_iqvia_catalog.trusted_starschema_01.d_time,2,QUARTER_ID,DATE,date,True,business_key
dev_iqvia_catalog,trusted_starschema_01,d_time,dev_iqvia_catalog.trusted_starschema_01.d_time,3,QUARTER,STRING,string,False,attribute
dev_iqvia_catalog,trusted_starschema_01,d_time,dev_iqvia_catalog.trusted_starschema_01.d_time,4,SEMESTER_ID,DATE,date,True,business_key
dev_iqvia_catalog,trusted_starschema_01,d_time,dev_iqvia_catalog.trusted_starschema_01.d_time,5,SEMESTER,STRING,string,False,attribute
dev_iqvia_catalog,trusted_starschema_01,d_time,dev_iqvia_catalog.trusted_starschema_01.d_time,6,YEAR_ID,DATE,date,True,business_key
dev_iqvia_catalog,trusted_starschema_01,d_time,dev_iqvia_catalog.trusted_starschema_01.d_time,7,YEAR,INT,int,True,attribute
dev_iqvia_catalog,trusted_starschema_01,d_time,dev_iqvia_catalog.trusted_starschema_01.d_time,8,_trusted_ts,TIMESTAMP,timestamp,True,technical_timestamp
dev_iqvia_catalog,trusted_starschema_01,d_visit_duration,dev_iqvia_catalog.trusted_starschema_01.d_visit_duration,0,VISIT_DURATION_ID,LONG,bigint,False,business_key
dev_iqvia_catalog,trusted_starschema_01,d_visit_duration,dev_iqvia_catalog.trusted_starschema_01.d_visit_duration,1,VISIT_DURATION,STRING,string,False,attribute
dev_iqvia_catalog,trusted_starschema_01,d_visit_duration,dev_iqvia_catalog.trusted_starschema_01.d_visit_duration,2,VISIT_DURATION_MIN,INT,int,False,attribute
dev_iqvia_catalog,trusted_starschema_01,d_visit_duration,dev_iqvia_catalog.trusted_starschema_01.d_visit_duration,3,_trusted_ts,TIMESTAMP,timestamp,True,technical_timestamp
dev_iqvia_catalog,trusted_starschema_01,f_channel_dynamic_data,dev_iqvia_catalog.trusted_starschema_01.f_channel_dynamic_data,0,F_CDD_ID,STRING,string,False,business_key
dev_iqvia_catalog,trusted_starschema_01,f_channel_dynamic_data,dev_iqvia_catalog.trusted_starschema_01.f_channel_dynamic_data,1,ATC4_ID,LONG,bigint,True,business_key
dev_iqvia_catalog,trusted_starschema_01,f_channel_dynamic_data,dev_iqvia_catalog.trusted_starschema_01.f_channel_dynamic_data,2,CONTACT_TYPE_ID,LONG,bigint,True,business_key
dev_iqvia_catalog,trusted_starschema_01,f_channel_dynamic_data,dev_iqvia_catalog.trusted_starschema_01.f_channel_dynamic_data,3,CONTACT_QUALITY_ID,LONG,bigint,True,business_key
dev_iqvia_catalog,trusted_starschema_01,f_channel_dynamic_data,dev_iqvia_catalog.trusted_starschema_01.f_channel_dynamic_data,4,SPECIALTY_ID,LONG,bigint,True,business_key
dev_iqvia_catalog,trusted_starschema_01,f_channel_dynamic_data,dev_iqvia_catalog.trusted_starschema_01.f_channel_dynamic_data,5,CLINICAL_TRIAL_TYPE_ID,LONG,bigint,True,business_key
dev_iqvia_catalog,trusted_starschema_01,f_channel_dynamic_data,dev_iqvia_catalog.trusted_starschema_01.f_channel_dynamic_data,6,MANUFACTURER_ID,LONG,bigint,True,business_key
dev_iqvia_catalog,trusted_starschema_01,f_channel_dynamic_data,dev_iqvia_catalog.trusted_starschema_01.f_channel_dynamic_data,7,MOLECULE_ID,LONG,bigint,True,business_key
dev_iqvia_catalog,trusted_starschema_01,f_channel_dynamic_data,dev_iqvia_catalog.trusted_starschema_01.f_channel_dynamic_data,8,MATERIAL_LEFT_SAMPLE_ID,LONG,bigint,True,business_key
dev_iqvia_catalog,trusted_starschema_01,f_channel_dynamic_data,dev_iqvia_catalog.trusted_starschema_01.f_channel_dynamic_data,9,REPRESENTING_COMPANY_ID,LONG,bigint,True,business_key
dev_iqvia_catalog,trusted_starschema_01,f_channel_dynamic_data,dev_iqvia_catalog.trusted_starschema_01.f_channel_dynamic_data,10,COMUNICATION_CHANNEL_ID,LONG,bigint,True,business_key
dev_iqvia_catalog,trusted_starschema_01,f_channel_dynamic_data,dev_iqvia_catalog.trusted_starschema_01.f_channel_dynamic_data,11,PRESENTATION_POSITION_ID,LONG,bigint,True,business_key
dev_iqvia_catalog,trusted_starschema_01,f_channel_dynamic_data,dev_iqvia_catalog.trusted_starschema_01.f_channel_dynamic_data,12,DETAILS_DURATION_ID,LONG,bigint,True,business_key
dev_iqvia_catalog,trusted_starschema_01,f_channel_dynamic_data,dev_iqvia_catalog.trusted_starschema_01.f_channel_dynamic_data,13,VISIT_DURATION_ID,LONG,bigint,True,business_key
dev_iqvia_catalog,trusted_starschema_01,f_channel_dynamic_data,dev_iqvia_catalog.trusted_starschema_01.f_channel_dynamic_data,14,SPONSORING_COMPANY_ID,LONG,bigint,True,business_key
dev_iqvia_catalog,trusted_starschema_01,f_channel_dynamic_data,dev_iqvia_catalog.trusted_starschema_01.f_channel_dynamic_data,15,MEETING_TYPE_ID,LONG,bigint,True,business_key
dev_iqvia_catalog,trusted_starschema_01,f_channel_dynamic_data,dev_iqvia_catalog.trusted_starschema_01.f_channel_dynamic_data,16,MATERIAL_LEFT_PROMOTIONAL_PRODUCT_LIT_ID,LONG,bigint,True,business_key
dev_iqvia_catalog,trusted_starschema_01,f_channel_dynamic_data,dev_iqvia_catalog.trusted_starschema_01.f_channel_dynamic_data,17,MATERIAL_LEFT_PATIENT_EDUCATIONAL_LIT_ID,LONG,bigint,True,business_key
dev_iqvia_catalog,trusted_starschema_01,f_channel_dynamic_data,dev_iqvia_catalog.trusted_starschema_01.f_channel_dynamic_data,18,MATERIAL_LEFT_OTHER_ID,LONG,bigint,True,business_key
dev_iqvia_catalog,trusted_starschema_01,f_channel_dynamic_data,dev_iqvia_catalog.trusted_starschema_01.f_channel_dynamic_data,19,INTERNATIONAL_BRAND_ID,LONG,bigint,True,business_key
dev_iqvia_catalog,trusted_starschema_01,f_channel_dynamic_data,dev_iqvia_catalog.trusted_starschema_01.f_channel_dynamic_data,20,LOCAL_BRAND_ID,LONG,bigint,True,business_key
dev_iqvia_catalog,trusted_starschema_01,f_channel_dynamic_data,dev_iqvia_catalog.trusted_starschema_01.f_channel_dynamic_data,21,CORPORATION_ID,LONG,bigint,True,business_key
dev_iqvia_catalog,trusted_starschema_01,f_channel_dynamic_data,dev_iqvia_catalog.trusted_starschema_01.f_channel_dynamic_data,22,COUNTRY_ID,LONG,bigint,True,business_key
dev_iqvia_catalog,trusted_starschema_01,f_channel_dynamic_data,dev_iqvia_catalog.trusted_starschema_01.f_channel_dynamic_data,23,NPS_SCALE_ID,LONG,bigint,True,business_key
dev_iqvia_catalog,trusted_starschema_01,f_channel_dynamic_data,dev_iqvia_catalog.trusted_starschema_01.f_channel_dynamic_data,24,PRODUCT_PRESENTED_ID,LONG,bigint,True,business_key
dev_iqvia_catalog,trusted_starschema_01,f_channel_dynamic_data,dev_iqvia_catalog.trusted_starschema_01.f_channel_dynamic_data,25,PRESCRIPTION_CURRENT_ID,LONG,bigint,True,business_key
dev_iqvia_catalog,trusted_starschema_01,f_channel_dynamic_data,dev_iqvia_catalog.trusted_starschema_01.f_channel_dynamic_data,26,MATERIAL_LEFT_ABSTR_CLINICAL_LIT_DATA_ID,LONG,bigint,True,business_key
dev_iqvia_catalog,trusted_starschema_01,f_channel_dynamic_data,dev_iqvia_catalog.trusted_starschema_01.f_channel_dynamic_data,27,PRESCRIPTION_FUTURE_ID,LONG,bigint,True,business_key
dev_iqvia_catalog,trusted_starschema_01,f_channel_dynamic_data,dev_iqvia_catalog.trusted_starschema_01.f_channel_dynamic_data,28,CONTACT_NUMBER,DECIMAL,"decimal(38,16)",True,measure
dev_iqvia_catalog,trusted_starschema_01,f_channel_dynamic_data,dev_iqvia_catalog.trusted_starschema_01.f_channel_dynamic_data,29,MENTIONS,DECIMAL,"decimal(38,16)",True,measure
dev_iqvia_catalog,trusted_starschema_01,f_channel_dynamic_data,dev_iqvia_catalog.trusted_starschema_01.f_channel_dynamic_data,30,NON_WEIGHTED_CALLS,DECIMAL,"decimal(38,16)",True,measure
dev_iqvia_catalog,trusted_starschema_01,f_channel_dynamic_data,dev_iqvia_catalog.trusted_starschema_01.f_channel_dynamic_data,31,PRODUCT_DETAILS,DECIMAL,"decimal(38,16)",True,measure
dev_iqvia_catalog,trusted_starschema_01,f_channel_dynamic_data,dev_iqvia_catalog.trusted_starschema_01.f_channel_dynamic_data,32,QUALITY_INDEX,DECIMAL,"decimal(38,16)",True,measure
dev_iqvia_catalog,trusted_starschema_01,f_channel_dynamic_data,dev_iqvia_catalog.trusted_starschema_01.f_channel_dynamic_data,33,SPENDING_TOTAL_EUR,DECIMAL,"decimal(38,16)",True,measure
dev_iqvia_catalog,trusted_starschema_01,f_channel_dynamic_data,dev_iqvia_catalog.trusted_starschema_01.f_channel_dynamic_data,34,WEIGHTED_CALLS,DECIMAL,"decimal(38,16)",True,measure
dev_iqvia_catalog,trusted_starschema_01,f_channel_dynamic_data,dev_iqvia_catalog.trusted_starschema_01.f_channel_dynamic_data,35,CONVERTED_CONTACTS,DECIMAL,"decimal(38,16)",True,measure
dev_iqvia_catalog,trusted_starschema_01,f_channel_dynamic_data,dev_iqvia_catalog.trusted_starschema_01.f_channel_dynamic_data,36,MONTH_ID,DATE,date,True,business_key
dev_iqvia_catalog,trusted_starschema_01,f_channel_dynamic_data,dev_iqvia_catalog.trusted_starschema_01.f_channel_dynamic_data,37,MARKET_ID,LONG,bigint,True,business_key
dev_iqvia_catalog,trusted_starschema_01,f_channel_dynamic_data,dev_iqvia_catalog.trusted_starschema_01.f_channel_dynamic_data,38,_trusted_ts,TIMESTAMP,timestamp,True,technical_timestamp
