document_id,title,entity_type,bucket,status,source_confidence,primary_sources,path,summary
IQVIA-PROMO-INSIGHT-measure-families-overview,Promo internal measure families overview,insight_overview,overview,draft_candidate,medium_high,promo_oas_measure_inventory.csv|promo_oas_measure_migration_analysis.md|trusted_starschema_01,docs/IQVIA-PROMO-INSIGHT-measure-families-overview.md,High-level map of the internal promotional measure families observed in the insight sources.
IQVIA-PROMO-INSIGHT-time-behavior-policy,Promo analytical time behavior policy,time_behavior_spec,time_logic,draft_candidate,medium_high,promo_oas_measure_inventory.csv|promo_oas_measure_migration_analysis.md|trusted_starschema_01,docs/IQVIA-PROMO-INSIGHT-time-behavior-policy.md,Observed time frames and comparison patterns used by internal promotional measures.
IQVIA-PROMO-INSIGHT-spending-share-voice-family,Spending and share-of-voice family,measure_family_spec,spending_share_voice,draft_candidate,high,promo_oas_measure_inventory.csv|promo_oas_measure_migration_analysis.md|trusted_starschema_01,docs/IQVIA-PROMO-INSIGHT-spending-share-voice-family.md,"Base and derived measures used to analyze promotional pressure, spend distribution, and share of voice."
IQVIA-PROMO-INSIGHT-dynamic-contact-family,Dynamic contact metric family,measure_family_spec,dynamic_contact_metrics,draft_candidate,medium,promo_oas_measure_inventory.csv|promo_oas_measure_migration_analysis.md|trusted_starschema_01,docs/IQVIA-PROMO-INSIGHT-dynamic-contact-family.md,"Pattern for a parameterized contact-metric family with absolute, share, delta, and delta-percent variants."
IQVIA-PROMO-INSIGHT-prescription-segmentation,Prescription segmentation spend family,measure_family_spec,prescription_segmentation,draft_candidate,high,promo_oas_measure_inventory.csv|promo_oas_measure_migration_analysis.md|trusted_starschema_01,docs/IQVIA-PROMO-INSIGHT-prescription-segmentation.md,Spend measures segmented by current and future prescribing states.
IQVIA-PROMO-INSIGHT-performance-positive-prescribing,Performance and positive prescribing family,measure_family_spec,performance_positive_prescribing,draft_candidate,high,promo_oas_measure_inventory.csv|promo_oas_measure_migration_analysis.md|trusted_starschema_01,docs/IQVIA-PROMO-INSIGHT-performance-positive-prescribing.md,Measures used to evaluate promotional execution quality and intention-to-prescribe outcomes.
IQVIA-PROMO-INSIGHT-weighted-calls-analytical-family,Weighted calls analytical family,measure_family_spec,weighted_calls_analytical,draft_candidate,medium_high,promo_oas_measure_inventory.csv|promo_oas_measure_migration_analysis.md|trusted_starschema_01,docs/IQVIA-PROMO-INSIGHT-weighted-calls-analytical-family.md,"Analytical family built on weighted calls with share, growth, index, and share-of-total variants."
IQVIA-PROMO-INSIGHT-dimension-usage-patterns,Dimension usage patterns for promo measures,dimension_usage_spec,dimension_usage,draft_candidate,medium_high,promo_oas_measure_inventory.csv|promo_oas_measure_migration_analysis.md|trusted_starschema_01,docs/IQVIA-PROMO-INSIGHT-dimension-usage-patterns.md,Observed analytical dimensions and their strongest candidate mappings into the promo semantic model.
IQVIA-PROMO-INSIGHT-validation-boundaries,Validation boundaries for promo internal insights,validation_note,validation,draft_candidate,medium,promo_oas_measure_inventory.csv|promo_oas_measure_migration_analysis.md|trusted_starschema_01,docs/IQVIA-PROMO-INSIGHT-validation-boundaries.md,"What can be treated as strong candidate knowledge now, and what still needs business validation."
